[
  {
    "op": "replace",
    "path": "/0/height",
    "value": 3,
    "file": "game:recipes/grid/rawrefractorybrick.json",
  },
  {
    "op": "replace",
    "path": "/0/ingredientPattern",
    "value": "FF,QB,_M",
    "file": "game:recipes/grid/rawrefractorybrick.json",
  },
  {
    "op": "add",
    "path": "/0/ingredients/M",
    "value": {
      "type": "block",
      "code": "brickmold:brickmold-east"
    },
    "file": "game:recipes/grid/rawrefractorybrick.json",
  },
  {
    "op": "replace",
    "path": "/1/ingredientPattern",
    "value": "FF,QB,PM",
    "file": "game:recipes/grid/rawrefractorybrick.json",
  },
  {
    "op": "add",
    "path": "/1/ingredients/M",
    "value": {
      "type": "block",
      "code": "brickmold:brickmold-east"
    },
    "file": "game:recipes/grid/rawrefractorybrick.json",
  },
  {
    "op": "replace",
    "path": "/2/ingredientPattern",
    "value": "FF_,QB_,PIM",
    "file": "game:recipes/grid/rawrefractorybrick.json",
  },
  {
    "op": "add",
    "path": "/2/ingredients/M",
    "value": {
      "type": "block",
      "code": "brickmold:brickmold-east"
    },
    "file": "game:recipes/grid/rawrefractorybrick.json",
  },
  {
    "op": "replace",
    "path": "/2/width",
    "value": 3,
    "file": "game:recipes/grid/rawrefractorybrick.json",
  }
]