{
  "code": "brickmold",
  "class": "Block",
  "behaviors": [
    { "name": "HorizontalOrientable" },
    { "name": "UnstableFalling" },
    { "name": "RightClickPickup" },
    { "name": "Unplaceable" },
    {
      "name": "GroundStorable",
      "properties": { "layout": "SingleCenter" }
    }
  ],
  "shape": { "base": "brickmold:block/brickmold" },
  "variantgroups": [
    { "code": "side", "loadFromProperties": "abstract/horizontalorientation" }
  ],
  "shapeByType": {
    "*-north": { "base": "brickmold:block/brickmold", "rotateY": 0 },
    "*-east": { "base": "brickmold:block/brickmold", "rotateY": 270 },
    "*-west": { "base": "brickmold:block/brickmold", "rotateY": 90 },
    "*-south": { "base": "brickmold:block/brickmold", "rotateY": 180 }
  },
  "lightAbsorption": 0,
  "resistance": 0.15,
  "sidesolid": { "all": false },
  "sideopaque": { "all": false },
  "emitSideAO": { "all": false },
  "selectionbox": {
    "x1": 0.2,
    "y1": 0,
    "z1": 0.3,
    "x2": 0.8,
    "y2": 0.3,
    "z2": 0.7
  },
  "collisionbox": {
    "x1": 0.2,
    "y1": 0,
    "z1": 0.3,
    "x2": 0.8,
    "y2": 0.3,
    "z2": 0.7
  },
  "blockmaterial": "Wood",
  "creativeinventory": {
    "general": ["*-north"],
    "decorative": ["*-north"]
  },
  "materialDensity": 450,
  "durability": 400,
  "sounds": {
    "place": "game:block/planks",
    "hit": "game:block/planks",
    "break": "game:block/planks",
    "walk": "game:walk/wood"
  },
  "heldTpIdleAnimation": "holdbothhandslarge",
  "heldTpUseAnimation": "twohandplaceblock",
  "tpHandTransform": {
    "translation": { "x": -1.1, "y": -0.82, "z": -0.4 },
    "rotation": { "x": -69, "y": -10, "z": -99 },
    "scale": 0.81
  },
  "guiTransform": {
    "translation": { "x": 0, "y": -16, "z": 0 },
    "rotation": { "x": -22.6, "y": -48, "z": -3 },
    "scale": 1.88
  }
}
