{
	"editor": {
		"allAngles": true,
		"entityTextureMode": false
	},
	"textureWidth": 16,
	"textureHeight": 16,
	"textureSizes": {
	},
	"textures": {
		"wood": "game:block/wood/planks/aged1"

	},
	"elements": [
		{
			"name": "Cube2",
			"from": [ 0.0, 0.0, 0.0 ],
			"to": [ 16.0, 1.0, 16.0 ],
			"rotationOrigin": [ 8.0, 1.0, 8.0 ],
			"faces": {
				"north": { "texture": "#wood", "uv": [ 0.0, 0.0, 16.0, 1.0 ] },
				"east": { "texture": "#wood", "uv": [ 0.0, 0.0, 16.0, 1.0 ] },
				"south": { "texture": "#wood", "uv": [ 0.0, 0.0, 16.0, 1.0 ] },
				"west": { "texture": "#wood", "uv": [ 0.0, 0.0, 16.0, 1.0 ] },
				"up": { "texture": "#wood", "uv": [ 0.0, 0.0, 16.0, 16.0 ] },
				"down": { "texture": "#wood", "uv": [ 0.0, 0.0, 16.0, 16.0 ] }
			},
			"children": [
				{
					"name": "Cube3",
					"from": [ 0.0, 1.0, 0.0 ],
					"to": [ 16.0, 3.0, 0.5 ],
					"rotationOrigin": [ 0.0, 1.0, 0.0 ],
					"faces": {
						"north": { "texture": "#wood", "uv": [ 0.0, 7.0, 16.0, 9.0 ] },
						"east": { "texture": "#wood", "uv": [ 8.0, 1.5, 8.5, 3.5 ] },
						"south": { "texture": "#wood", "uv": [ 0.0, 1.0, 16.0, 3.0 ] },
						"west": { "texture": "#wood", "uv": [ 0.0, 0.0, 0.5, 2.0 ] },
						"up": { "texture": "#wood", "uv": [ 0.0, 2.5, 16.0, 3.0 ] }
					},
					"children": [
						{
							"name": "Cube4",
							"from": [ 0.0, 0.0, 0.5 ],
							"to": [ 0.5, 2.0, 15.5 ],
							"rotationOrigin": [ 0.0, 0.0, 0.5 ],
							"faces": {
								"north": { "texture": "#wood", "uv": [ 0.0, 0.0, 0.5, 2.0 ] },
								"east": { "texture": "#wood", "uv": [ 0.0, 0.0, 15.0, 2.0 ] },
								"south": { "texture": "#wood", "uv": [ 0.0, 0.0, 0.5, 2.0 ] },
								"west": { "texture": "#wood", "uv": [ 0.0, 0.0, 15.0, 2.0 ] },
								"up": { "texture": "#wood", "uv": [ 1.0, 8.0, 16.0, 8.5 ], "rotation": 90 }
							},
							"children": [
								{
									"name": "Cube5",
									"from": [ 0.0, 0.0, 15.0 ],
									"to": [ 16.0, 2.0, 15.5 ],
									"rotationOrigin": [ 0.0, 0.0, 15.0 ],
									"faces": {
										"north": { "texture": "#wood", "uv": [ 0.0, 12.5, 16.0, 14.5 ] },
										"east": { "texture": "#wood", "uv": [ 0.0, 0.0, 0.5, 2.0 ] },
										"south": { "texture": "#wood", "uv": [ 0.0, 1.5, 16.0, 3.5 ] },
										"west": { "texture": "#wood", "uv": [ 0.0, 0.0, 0.5, 2.0 ] },
										"up": { "texture": "#wood", "uv": [ 0.0, 0.0, 16.0, 0.5 ] }
									},
									"children": [
										{
											"name": "Cube6",
											"from": [ 15.5, 0.0, -15.0 ],
											"to": [ 16.0, 2.0, 0.0 ],
											"rotationOrigin": [ 15.5, 0.0, -15.0 ],
											"faces": {
												"north": { "texture": "#wood", "uv": [ 0.0, 0.0, 0.5, 2.0 ] },
												"east": { "texture": "#wood", "uv": [ 0.0, 0.0, 15.0, 2.0 ] },
												"south": { "texture": "#wood", "uv": [ 0.0, 0.0, 0.5, 2.0 ] },
												"west": { "texture": "#wood", "uv": [ 0.0, 7.0, 15.0, 9.0 ] },
												"up": { "texture": "#wood", "uv": [ 0.5, 1.5, 15.5, 2.0 ], "rotation": 90 }
											}
										}
									]
								}
							]
						}
					]
				},
				{
					"name": "Cube7",
					"from": [ 7.5, 1.0, 0.5 ],
					"to": [ 8.5, 3.01, 15.5 ],
					"rotationOrigin": [ 7.5, 1.0, 0.5 ],
					"faces": {
						"north": { "texture": "#wood", "uv": [ 7.5, 1.5, 8.5, 3.5 ] },
						"east": { "texture": "#wood", "uv": [ 0.5, 12.0, 15.5, 14.0 ] },
						"south": { "texture": "#wood", "uv": [ 0.0, 0.0, 1.0, 2.0 ] },
						"west": { "texture": "#wood", "uv": [ 0.5, 1.5, 15.5, 3.5 ] },
						"up": { "texture": "#wood", "uv": [ 0.5, 7.5, 15.5, 8.5 ], "rotation": 270 }
					},
					"children": [
						{
							"name": "Cube8",
							"from": [ -7.0, 0.0, 4.5 ],
							"to": [ 8.0, 2.0, 5.25 ],
							"rotationOrigin": [ -7.0, 0.0, 4.8 ],
							"faces": {
								"north": { "texture": "#wood", "uv": [ 0.0, 12.5, 15.0, 14.5 ] },
								"east": { "texture": "#wood", "uv": [ 11.0, 7.0, 11.5, 9.0 ] },
								"south": { "texture": "#wood", "uv": [ 0.0, 7.0, 15.0, 9.0 ] },
								"west": { "texture": "#wood", "uv": [ 0.0, 0.0, 0.5, 2.0 ] },
								"up": { "texture": "#wood", "uv": [ 0.5, 2.5, 15.5, 3.0 ] }
							}
						},
						{
							"name": "Cube11",
							"from": [ -7.0, 0.0, 9.75 ],
							"to": [ 8.0, 2.0, 10.5 ],
							"rotationOrigin": [ -7.0, 0.0, 9.7 ],
							"faces": {
								"north": { "texture": "#wood", "uv": [ 0.5, 7.0, 15.5, 9.0 ] },
								"east": { "texture": "#wood", "uv": [ 9.0, 1.5, 9.5, 3.5 ] },
								"south": { "texture": "#wood", "uv": [ 0.0, 7.0, 15.0, 9.0 ] },
								"west": { "texture": "#wood", "uv": [ 8.5, 2.5, 9.0, 4.5 ] },
								"up": { "texture": "#wood", "uv": [ 0.5, 2.5, 15.5, 3.0 ] },
								"down": { "texture": "#wood", "uv": [ 0.0, 1.5, 15.0, 2.0 ] }
							}
						}
					]
				}
			]
		}
	]}