{
	"code": "shingleform",
	"class": "Block",
	"behaviors": [{"name": "UnstableFalling"}, {"name": "RightClickPickup"}],
	"creativeinventory": { "general": ["*"], "decorative": ["*"] },
	"shape": { "base": "brickmold:block/shingleform"	},
	"lightAbsorption": 0,
	"resistance": 0.15,
	"sidesolid": { "all": false },
	"sideopaque": { "all": false },
	"emitSideAO": { "all": false },
	"selectionbox": { "x1": 0, "y1": 0, "z1": 0, "x2": 1, "y2": 0.3, "z2": 1 },
	"collisionbox": { "x1": 0, "y1": 0, "z1": 0, "x2": 1, "y2": 0.3, "z2": 1 },
	"blockmaterial": "Wood",
	"materialDensity": 450,
	"durability": 384,
	"sounds": {
		"place": "game:block/planks",
		"hit": "game:block/planks",
		"break": "game:block/planks",
		"walk": "game:walk/wood"
	},
	"heldTpIdleAnimation": "holdbothhandslarge", "heldTpUseAnimation": "twohandplaceblock"
}