[
  {
    "ingredientPattern": "C,M",
    "ingredients": {
      "C": {
        "type": "item",
        "code": "game:clay-*",
        "name": "type",
        "allowedVariants": ["blue", "fire"],

        "quantity": 2
      },
      "M": {
        "type": "block",
        "code": "brickmold:brickmold-east",
        "isTool": true
      }
    },
    "width": 1,
    "height": 2,
    "output": {
      "type": "item",
      "code": "game:rawbrick-{type}",
      "quantity": 1
    }
  },
  {
    "ingredientPattern": "C,M",
    "ingredients": {
      "C": {
        "type": "item",
        "code": "game:clay-*",
        "name": "type",
        "allowedVariants": ["brown", "red"],
        "quantity": 2
      },
      "M": {
        "type": "block",
        "code": "brickmold:brickmold-east",
        "isTool": true
      }
    },
    "width": 1,
    "height": 2,
    "output": {
      "type": "item",
      "code": "bricklayers:rawclaybrick-{type}",
      "quantity": 1
    }
  }
]
